{
  "project_info": {
    "project_number": "807012523134",
    "project_id": "matb5online-812aa",
    "storage_bucket": "matb5online-812aa.appspot.com"
  },
  "client": [
    {
      "client_info": {
        "mobilesdk_app_id": "1:807012523134:android:615b11919b48710703cc2f",
        "android_client_info": {
          "package_name": "com.hamadashaaban.matb5online111"
        }
      },
      "oauth_client": [],
      "api_key": [
        {
          "current_key": "AIzaSyDlVRNgrZlF0YzyQzkHV9UqWh08Gu6wrRM"
        }
      ],
      "services": {
        "appinvite_service": {
          "other_platform_oauth_client": []
        }
      }
    }
  ],
  "configuration_version": "1"
}